City,Organization Name,Grant Type,Grant Sector,Grant Subsector,Payment Amount
Abbotsford,Abbotsford Agrifair,Community Gaming Grant,Arts and Culture,"Fairs, Festivals, Museums",80000
Abbotsford,Abbotsford BMX Society,Community Gaming Grant,Sport,Sports for Youth,29500
Abbotsford,Abbotsford Falcons Football Association,Community Gaming Grant,Sport,Sports for Youth,22000
Abbotsford,Abbotsford International Airshow Society,Community Gaming Grant,Arts and Culture,"Fairs, Festivals, Museums",60000
Abbotsford,Abbotsford Judo Club,Community Gaming Grant,Sport,Sports for Youth,36000
Abbotsford,Abbotsford Soccer Association,Community Gaming Grant,Sport,Sports for Youth,100000
Abbotsford,Heritage Abbotsford Society,Community Gaming Grant,Arts and Culture,"Fairs, Festivals, Museums",42000
Aldergrove,Aldergrove Agricultural Fair and Festival Association,Community Gaming Grant,Arts and Culture,"Fairs, Festivals, Museums",8000
Armstrong,Armstrong & District Curling Club,Community Gaming Grant,Sport,Sports for Youth,16050
Armstrong,Interior Provincial Exhibition Association,Community Gaming Grant,Arts and Culture,"Fairs, Festivals, Museums",100000
Barriere,British Columbia Agricultural Exposition Society,Community Gaming Grant,Arts and Culture,"Fairs, Festivals, Museums",34000
Barriere,North Thompson Fall Fair and Rodeo Association,Community Gaming Grant,Arts and Culture,"Fairs, Festivals, Museums",25500
Bella Coola,Discovery Coast Music Festival Society,Community Gaming Grant,Arts and Culture,Adult Arts and Culture,7000
Bowen Island,Bowen Island Museum & Archives,Community Gaming Grant,Arts and Culture,"Fairs, Festivals, Museums",19000
Brentwood Bay,Central Saanich Extreme Fastball Club,Community Gaming Grant,Sport,Sports for Youth,13500
Brentwood Bay,Via Choralis Performance Society,Community Gaming Grant,Arts and Culture,Adult Arts and Culture,3000
Britannia Beach,Britannia Mine Museum Society,Community Gaming Grant,Arts and Culture,"Fairs, Festivals, Museums",51000
Burnaby,Burnaby Arts Council,Community Gaming Grant,Arts and Culture,Adult Arts and Culture,15100
Burnaby,Burnaby Barracuda Summer Aquatics Club,Community Gaming Grant,Sport,Sports for Youth,51900
Burnaby,Burnaby Canoe & Kayak Club,Community Gaming Grant,Sport,Sports for Youth,15000
Burnaby,Korean Writers' Association of Canada,Community Gaming Grant,Arts and Culture,Adult Arts and Culture,3500
Burnaby,Nikkei National Museum & Cultural Centre,Community Gaming Grant,Arts and Culture,"Fairs, Festivals, Museums",50000
Burnaby,Trinidad and Tobago Cultural Society of British Columbia,Community Gaming Grant,Arts and Culture,"Fairs, Festivals, Museums",25000
Burnaby,Vancouver Chinese Singers Society,Community Gaming Grant,Arts and Culture,Adult Arts and Culture,5500
Burnaby,Western Lacrosse Association,Community Gaming Grant,Sport,Sports - Adult,49000
Campbell River,Campbell River Genealogy Society,Community Gaming Grant,Arts and Culture,Adult Arts and Culture,3500
Campbell River,Campbell River Salmon Festival Society,Community Gaming Grant,Arts and Culture,"Fairs, Festivals, Museums",45000
Campbell River,Campbell River Wado Ryu Association,Community Gaming Grant,Sport,Sports for Youth,3600
Castlegar,Castlegar Sculpturewalk Society,Community Gaming Grant,Arts and Culture,"Fairs, Festivals, Museums",10000
Castlegar,"Kootenay Gallery of Art, History and Science Society",Community Gaming Grant,Arts and Culture,Adult Arts and Culture,12500
Castlegar,SQx Danza,Community Gaming Grant,Arts and Culture,Youth Arts and Culture,30000
Chase,Chase & District Museum & Archives Society,Community Gaming Grant,Arts and Culture,"Fairs, Festivals, Museums",15000
Chase,Chase and District Curling Club,Community Gaming Grant,Sport,Sports - Adult,7000
Chemainus,Chemainus Festival of Murals Society,Community Gaming Grant,Arts and Culture,"Fairs, Festivals, Museums",22000
Chilliwack,British Columbia Pipers Association,Community Gaming Grant,Arts and Culture,Adult Arts and Culture,8000
Chilliwack,Cascadia Wind Ensemble Society,Community Gaming Grant,Arts and Culture,Adult Arts and Culture,3500
Chilliwack,Cheam Figure Skating Club,Community Gaming Grant,Sport,Sports for Youth,32000
Chilliwack,Chilliwack & District Agricultural Society,Community Gaming Grant,Arts and Culture,"Fairs, Festivals, Museums",36500
Chilliwack,Chilliwack Academy of Music,Community Gaming Grant,Arts and Culture,Adult Arts and Culture,27000
Chilliwack,Chilliwack School of Performing Arts,Community Gaming Grant,Arts and Culture,Youth Arts and Culture,17500
Chilliwack,Chilliwack Symphony Orchestra,Community Gaming Grant,Arts and Culture,Adult Arts and Culture,15000
Chilliwack,Chilliwack Youth Orchestra Society,Community Gaming Grant,Arts and Culture,Youth Arts and Culture,4600
Chilliwack,Spartan Swim Club,Community Gaming Grant,Sport,Sports for Youth,56000
Christina Lake,Boundary Youth Soccer Association,Community Gaming Grant,Sport,Sports for Youth,14000
Coquitlam,Coastal Sound Music Academy Society,Community Gaming Grant,Arts and Culture,Youth Arts and Culture,49000
Coquitlam,Theatrix Youtheatre Society,Community Gaming Grant,Arts and Culture,Youth Arts and Culture,38000
Courtenay,B.C. Seniors Games Society - Zone 2,Community Gaming Grant,Sport,Sports - Adult,30000
Courtenay,Beaufort Child Care Society,Community Gaming Grant,Human and Social Services,Community Education,20496
Courtenay,Comox Valley Art Gallery,Community Gaming Grant,Arts and Culture,Adult Arts and Culture,41000
Courtenay,Comox Valley Exhibition Association Fall Fair,Community Gaming Grant,Arts and Culture,"Fairs, Festivals, Museums",44000
Courtenay,Courtenay and District Historical Society,Community Gaming Grant,Arts and Culture,Youth Arts and Culture,40000
Courtenay,Rainbow Youth Theatre Society,Community Gaming Grant,Arts and Culture,Youth Arts and Culture,6000
Courtenay,The Alberni Project Society,Community Gaming Grant,Arts and Culture,"Fairs, Festivals, Museums",9000
Cranbrook,Cranbrook and District Arts Council,Community Gaming Grant,Arts and Culture,Adult Arts and Culture,9000
Cranbrook,Cranbrook Community Theatre Society,Community Gaming Grant,Arts and Culture,Adult Arts and Culture,10500
Cranbrook,Cranbrook Lacrosse Association,Community Gaming Grant,Sport,Sports for Youth,6720
Cranbrook,Symphony of the Kootenays Association,Community Gaming Grant,Arts and Culture,Adult Arts and Culture,16000
Cranbrook,Wycliffe Exhibition Association,Community Gaming Grant,Arts and Culture,"Fairs, Festivals, Museums",16500
Crawford Bay,Starbelly Jam Society,Community Gaming Grant,Arts and Culture,"Fairs, Festivals, Museums",12500
Creston,Creston Valley Fall Fair Association,Community Gaming Grant,Arts and Culture,"Fairs, Festivals, Museums",15000
Creston,Creston Valley Figure Skating Club,Community Gaming Grant,Sport,Sports for Youth,11400
Cumberland,Cumberland and District Historical Society,Community Gaming Grant,Arts and Culture,"Fairs, Festivals, Museums",10800
Dawson Creek,Dawson Creek and District Band Association,Community Gaming Grant,Arts and Culture,Adult Arts and Culture,5300
Dawson Creek,Dawson Creek and District Exhibition Association,Community Gaming Grant,Arts and Culture,"Fairs, Festivals, Museums",22000
Dawson Creek,Dawson Creek Minor Hockey Association,Community Gaming Grant,Sport,Sports for Youth,52000
Dawson Creek,Dawson Creek Seals Swim Club,Community Gaming Grant,Sport,Sports for Youth,33000
Dawson Creek,South Peace Art Society,Community Gaming Grant,Arts and Culture,Youth Arts and Culture,24500
Delta,Delta Community Music School Society,Community Gaming Grant,Arts and Culture,Youth Arts and Culture,9000
Delta,Delta Thistle Curling Club,Community Gaming Grant,Sport,Sports - Adult,13900
Delta,Ladner Minor Baseball Association,Community Gaming Grant,Sport,Sports for Youth,25000
Delta,North Delta Football Association,Community Gaming Grant,Sport,Sports for Youth,23450
Delta,Sidekick Players Club,Community Gaming Grant,Arts and Culture,Adult Arts and Culture,15000
Delta,Sungod Skating Club,Community Gaming Grant,Sport,Sports for Youth,64000
Duncan,Cowichan Camerata String Orchestra Society,Community Gaming Grant,Arts and Culture,Adult Arts and Culture,2000
Duncan,Cowichan Field Hockey Association,Community Gaming Grant,Sport,Sports - Adult,7500
Duncan,Cowichan Folk Guild,Community Gaming Grant,Arts and Culture,Adult Arts and Culture,25000
Duncan,Cowichan Historical Society,Community Gaming Grant,Arts and Culture,"Fairs, Festivals, Museums",39000
Duncan,Cowichan Musical Theatre Society,Community Gaming Grant,Arts and Culture,Adult Arts and Culture,11000
Duncan,Cowichan Valley Arts Council,Community Gaming Grant,Arts and Culture,Adult Arts and Culture,18000
Duncan,Duncan Cowichan Festival Society,Community Gaming Grant,Arts and Culture,"Fairs, Festivals, Museums",17500
Duncan,Duncan Firefighters Historical Society,Community Gaming Grant,Arts and Culture,"Fairs, Festivals, Museums",1600
Duncan,Duncan Swim Team Society,Community Gaming Grant,Sport,Sports for Youth,32000
Edgewater,Steamboat Mountain Music Society,Community Gaming Grant,Arts and Culture,"Fairs, Festivals, Museums",3000
Fort Langley,BC Farm Museum Association,Community Gaming Grant,Arts and Culture,"Fairs, Festivals, Museums",15400
Fort St John,North Peace Historical Society,Community Gaming Grant,Arts and Culture,"Fairs, Festivals, Museums",11500
Gabriola Island,Scouts Canada - 1st Gabriola Scout Group,Community Gaming Grant,Human and Social Services,Enhancement of Youth,3800
Gabriola Island,The Lulu Performing Arts Society,Community Gaming Grant,Arts and Culture,Adult Arts and Culture,8800
Gibsons,Deer Crossing - The Art Farm Society,Community Gaming Grant,Arts and Culture,Youth Arts and Culture,26400
Gibsons,Sunshine Coast Driftwood Players Society,Community Gaming Grant,Arts and Culture,Adult Arts and Culture,12000
Golden,Golden District Arts Council,Community Gaming Grant,Arts and Culture,Adult Arts and Culture,32000
Grand Forks,Grand Forks and District Fall Fair,Community Gaming Grant,Arts and Culture,"Fairs, Festivals, Museums",7500
Grand Forks,Grand Forks Art Gallery Society,Community Gaming Grant,Arts and Culture,Adult Arts and Culture,26000
Grindrod,Runaway Moon Theatre Arts Society,Community Gaming Grant,Arts and Culture,Youth Arts and Culture,22000
Harrison Hot Springs,Harrison Festival Society,Community Gaming Grant,Arts and Culture,"Fairs, Festivals, Museums",80500
Hope,Hope & District Arts Council,Community Gaming Grant,Arts and Culture,Adult Arts and Culture,25200
Invermere,Columbia Valley Arts Council,Community Gaming Grant,Arts and Culture,Adult Arts and Culture,29000
Kaleden,Penticton Pony Club,Community Gaming Grant,Sport,Sports for Youth,1100
Kamloops,Association Francophone de Kamloops,Community Gaming Grant,Arts and Culture,Youth Arts and Culture,29000
Kamloops,BC Heritage Fairs Society,Community Gaming Grant,Arts and Culture,Youth Arts and Culture,18000
Kamloops,British Columbia Living Arts Society,Community Gaming Grant,Arts and Culture,Adult Arts and Culture,13000
Kamloops,Kamloops and District Minor Baseball Association,Community Gaming Grant,Sport,Sports for Youth,30600
Kamloops,Kamloops Art Gallery,Community Gaming Grant,Arts and Culture,Youth Arts and Culture,84000
Kamloops,Kamloops Exhibition Association,Community Gaming Grant,Arts and Culture,"Fairs, Festivals, Museums",38000
Kamloops,Kamloops Music Collective Society,Community Gaming Grant,Arts and Culture,Youth Arts and Culture,25000
Kamloops,Kamloops Pipe Band Society,Community Gaming Grant,Arts and Culture,Adult Arts and Culture,5500
Kamloops,Kamloops Players Society,Community Gaming Grant,Arts and Culture,Adult Arts and Culture,11000
Kamloops,Kamloops Summer Swim Club,Community Gaming Grant,Sport,Sports for Youth,15000
Kamloops,Kamloops Sunrays Synchronized Swim Club,Community Gaming Grant,Sport,Sports for Youth,14500
Kamloops,Project X Theatre Productions Society,Community Gaming Grant,Arts and Culture,Youth Arts and Culture,40000
Kamloops,Sun Peaks Alpine Club,Community Gaming Grant,Sport,Sports for Youth,25500
Kamloops,Sweet Adelines - Desert Sounds Harmony Chapter,Community Gaming Grant,Arts and Culture,Adult Arts and Culture,5000
Kamloops,The Laughing Stock Theatre Society of British Columbia,Community Gaming Grant,Arts and Culture,Youth Arts and Culture,10000
Kamloops,Vivace Chorale Society,Community Gaming Grant,Arts and Culture,Adult Arts and Culture,1500
Kamloops,Western Canada Theatre Company Society,Community Gaming Grant,Arts and Culture,Adult Arts and Culture,90000
Kelowna,Arts Council of the Central Okanagan,Community Gaming Grant,Arts and Culture,Adult Arts and Culture,27600
Kelowna,Central Okanagan Heritage Society,Community Gaming Grant,Arts and Culture,"Fairs, Festivals, Museums",19500
Kelowna,Central Okanagan Wrestling Association,Community Gaming Grant,Sport,Sports for Youth,9500
Kelowna,Creator's Arts Centre Society,Community Gaming Grant,Arts and Culture,Youth Arts and Culture,4300
Kelowna,Dolyna Ukrainian Cultural Society,Community Gaming Grant,Arts and Culture,Youth Arts and Culture,6000
Kelowna,Kelowna Aqua-Jets Swim Club,Community Gaming Grant,Sport,Sports for Youth,55000
Kelowna,Kelowna City Concert Band Society,Community Gaming Grant,Arts and Culture,Adult Arts and Culture,8000
Kelowna,Kelowna Community Music School Society,Community Gaming Grant,Arts and Culture,Youth Arts and Culture,38000
Kelowna,Kelowna International Choir Society,Community Gaming Grant,Arts and Culture,Adult Arts and Culture,7000
Kelowna,Kelowna Lawn Bowling Club,Community Gaming Grant,Sport,Sports - Adult,7000
Kelowna,Kelowna Liedertafel Society,Community Gaming Grant,Arts and Culture,Adult Arts and Culture,15600
Kelowna,Kelowna Minor Fastball Society,Community Gaming Grant,Sport,Sports for Youth,12000
Kelowna,Kelowna Ski Club,Community Gaming Grant,Sport,Sports for Youth,24150
Kelowna,Kiwanis Music Festival Society of Kelowna,Community Gaming Grant,Arts and Culture,"Fairs, Festivals, Museums",24500
Kelowna,Ogopogo Summer Swim Club,Community Gaming Grant,Sport,Sports for Youth,35000
Kelowna,Okanagan Artists Alternative Association,Community Gaming Grant,Arts and Culture,Adult Arts and Culture,39000
Kelowna,Rutland Youth Soccer Association,Community Gaming Grant,Sport,Sports for Youth,33900
Kelowna,The Festivals and Special Events Development Society of Kelowna,Community Gaming Grant,Arts and Culture,Adult Arts and Culture,25000
Kelowna,White Sails A Cappella Chapter - Sweet Adelines International,Community Gaming Grant,Arts and Culture,Adult Arts and Culture,3750
Keremeos,Similkameen Swim Club,Community Gaming Grant,Sport,Sports for Youth,6750
Kimberley,Kimberley Gymnastics Society,Community Gaming Grant,Sport,Sports for Youth,28600
Kimberley,Kimberley Seahorse Swim Association,Community Gaming Grant,Sport,Sports for Youth,10000
Kimberley,Spark Society for Youth,Community Gaming Grant,Human and Social Services,Enhancement of Youth,20000
Kitimat,Kitimat Marlin Swim Club,Community Gaming Grant,Sport,Sports - Adult,19200
Kitimat,Kitimat Museum & Archives,Community Gaming Grant,Arts and Culture,"Fairs, Festivals, Museums",7600
Kitimat,Knights of Columbus Council  #5148,Community Gaming Grant,Human and Social Services,Community Service Organization,3750
Kitimat,North West Photo Fest Society,Community Gaming Grant,Arts and Culture,"Fairs, Festivals, Museums",2000
Ladysmith,Arts Council of Ladysmith and District,Community Gaming Grant,Arts and Culture,Adult Arts and Culture,5650
Ladysmith,Ladysmith Festival of Lights,Community Gaming Grant,Arts and Culture,"Fairs, Festivals, Museums",38000
Ladysmith,Ladysmith Maritime Society,Community Gaming Grant,Arts and Culture,"Fairs, Festivals, Museums",17225
Lake Country,Kelowna Pipe Band Society,Community Gaming Grant,Arts and Culture,Adult Arts and Culture,4600
Lake Country,Lake Country Art Gallery Society,Community Gaming Grant,Arts and Culture,Adult Arts and Culture,22500
Lake Country,The Okanagan Festival Singers,Community Gaming Grant,Arts and Culture,Adult Arts and Culture,10500
Lake Country,Winfield Figure Skating Club,Community Gaming Grant,Sport,Sports for Youth,10500
Lake Cowichan,Kaatza Historical Society,Community Gaming Grant,Arts and Culture,"Fairs, Festivals, Museums",18500
Langford,West Shore Arts Council,Community Gaming Grant,Arts and Culture,Adult Arts and Culture,4100
Langley,Encompass Support Services Society,Community Gaming Grant,Human and Social Services,Disadvantage Distress Poverty,10000
Langley,Fraser Valley Diving Society,Community Gaming Grant,Sport,Sports for Youth,39000
Langley,Langley Minor Lacrosse Association,Community Gaming Grant,Sport,Sports for Youth,42100
Langley,Langley Ukulele Association,Community Gaming Grant,Arts and Culture,Youth Arts and Culture,37000
Langley,Soroptimist International of the Langleys,Community Gaming Grant,Human and Social Services,Community Service Organization,9200
Langley,The Royal Canadian Theatre Company,Community Gaming Grant,Arts and Culture,Youth Arts and Culture,13000
Langley,White Spot Pipe Band Society,Community Gaming Grant,Arts and Culture,Youth Arts and Culture,10000
Lazo,Comox Valley Air Force Museum Association,Community Gaming Grant,Arts and Culture,"Fairs, Festivals, Museums",20000
Lumby,Lumby Swim Club,Community Gaming Grant,Sport,Sports for Youth,12000
Madeira Park,Pender Harbour Music Society,Community Gaming Grant,Arts and Culture,Adult Arts and Culture,5000
Mansons Landing,Cortes Island Museum & Archives Society,Community Gaming Grant,Arts and Culture,"Fairs, Festivals, Museums",15000
Maple Ridge,District 5050 Pipe Band Society,Community Gaming Grant,Arts and Culture,Youth Arts and Culture,25000
Maple Ridge,Golden Ears Athletics Society,Community Gaming Grant,Sport,Sports for Youth,8400
Maple Ridge,Maple Ridge and Pitt Meadows Arts Council,Community Gaming Grant,Arts and Culture,Adult Arts and Culture,72000
Maple Ridge,Maple Ridge Choral Society,Community Gaming Grant,Arts and Culture,Adult Arts and Culture,2000
Maple Ridge,Maple Ridge Historical Society,Community Gaming Grant,Arts and Culture,"Fairs, Festivals, Museums",24000
Maple Ridge,Maple Ridge/Pitt Meadows Agricultural Association,Community Gaming Grant,Arts and Culture,"Fairs, Festivals, Museums",11000
Maple Ridge,Polonez Polish Canadian Dance Society,Community Gaming Grant,Arts and Culture,Youth Arts and Culture,22000
Maple Ridge,Ridge Meadows Hospice Society,Community Gaming Grant,Human and Social Services,Public Health in the Community,90000
Merritt,Merritt Otters Swim Club,Community Gaming Grant,Sport,Sports for Youth,10500
Mission,District of Mission Arts Council,Community Gaming Grant,Arts and Culture,Youth Arts and Culture,29850
Mission,Fraser Valley Bald Eagle Festival (FVBEF),Community Gaming Grant,Arts and Culture,"Fairs, Festivals, Museums",3000
Mission,Mission Folk Music Festival Society,Community Gaming Grant,Arts and Culture,"Fairs, Festivals, Museums",65000
Nanaimo,A Cappella Plus Choral Society,Community Gaming Grant,Arts and Culture,Adult Arts and Culture,2800
Nanaimo,British Columbia Boys Choir,Community Gaming Grant,Arts and Culture,Youth Arts and Culture,10000
Nanaimo,Loyal Nanaimo Bathtub Society,Community Gaming Grant,Arts and Culture,"Fairs, Festivals, Museums",28000
Nanaimo,Nanaimo & District Track and Field Club,Community Gaming Grant,Sport,Sports for Youth,5600
Nanaimo,Nanaimo and District Lacrosse Association,Community Gaming Grant,Sport,Sports for Youth,30640
Nanaimo,Nanaimo Art Gallery Society,Community Gaming Grant,Arts and Culture,"Fairs, Festivals, Museums",98000
Nanaimo,Nanaimo Canadian Amateur Football Association,Community Gaming Grant,Sport,Sports for Youth,17500
Nanaimo,Nanaimo Conservatory of Music,Community Gaming Grant,Arts and Culture,Adult Arts and Culture,56000
Nanaimo,Nanaimo Rowing Club,Community Gaming Grant,Sport,Sports for Youth,16500
Nanaimo,Nanaimo Swim Club,Community Gaming Grant,Sport,Sports for Youth,35500
Nanaimo,Vancouver Island Exhibition Association,Community Gaming Grant,Arts and Culture,"Fairs, Festivals, Museums",48000
Nanaimo,Vancouver Island Red Raiders Football Society,Community Gaming Grant,Sport,Sports - Adult,15000
Nanaimo,Vancouver Island Symphony,Community Gaming Grant,Arts and Culture,Youth Arts and Culture,80000
Nanoose Bay,Federation of British Columbia Writers,Community Gaming Grant,Arts and Culture,Adult Arts and Culture,18500
Nelson,Capitol Theatre Restoration Society,Community Gaming Grant,Arts and Culture,Youth Arts and Culture,25200
Nelson,Glacier Gymnastics Club,Community Gaming Grant,Sport,Sports for Youth,50000
Nelson,Kootenay Literary Society,Community Gaming Grant,Arts and Culture,Adult Arts and Culture,8000
Nelson,Nelson and District Arts Council,Community Gaming Grant,Arts and Culture,Adult Arts and Culture,15000
Nelson,Nelson Fine Arts Centre Society,Community Gaming Grant,Arts and Culture,Adult Arts and Culture,15100
Nelson,Nelson History Theatre Society,Community Gaming Grant,Arts and Culture,Youth Arts and Culture,19500
Nelson,Nelson Neptune Swim Club,Community Gaming Grant,Sport,Sports for Youth,9500
Nelson,Nelson Soccer Association,Community Gaming Grant,Sport,Sports for Youth,55000
Nelson,West Kootenay Regional Arts Council,Community Gaming Grant,Arts and Culture,Adult Arts and Culture,15200
New Westminster,Arts Council of New Westminster,Community Gaming Grant,Arts and Culture,Adult Arts and Culture,30450
New Westminster,Hyack Swim Club,Community Gaming Grant,Sport,Sports for Youth,76000
New Westminster,Kiwanis Fraser Valley Music Festival Society,Community Gaming Grant,Arts and Culture,Youth Arts and Culture,20500
New Westminster,Patrick Street Productions Society,Community Gaming Grant,Arts and Culture,Adult Arts and Culture,25500
North Vancouver,British Columbia Photography and Media Arts Society,Community Gaming Grant,Arts and Culture,"Fairs, Festivals, Museums",54000
North Vancouver,Deep Cove Rowing Club,Community Gaming Grant,Sport,Sports for Youth,20000
North Vancouver,Gordon Sturtridge League Football Association,Community Gaming Grant,Sport,Sports for Youth,30000
North Vancouver,Lynn Valley Black Bear Band Association,Community Gaming Grant,Arts and Culture,Adult Arts and Culture,7000
North Vancouver,North Shore Celtic Ensemble,Community Gaming Grant,Arts and Culture,Youth Arts and Culture,15000
North Vancouver,North Shore Chorus Society,Community Gaming Grant,Arts and Culture,Adult Arts and Culture,5000
North Vancouver,North Shore Girls Fastpitch Association,Community Gaming Grant,Sport,Sports for Youth,23500
North Vancouver,North Shore In-Line Hockey League Society,Community Gaming Grant,Sport,Sports for Youth,56000
North Vancouver,Presentation House Cultural Society,Community Gaming Grant,Arts and Culture,Youth Arts and Culture,40000
North Vancouver,Seymour Art Gallery Society,Community Gaming Grant,Arts and Culture,Adult Arts and Culture,35700
North Vancouver,Vancouver Asian Canadian Theatre,Community Gaming Grant,Arts and Culture,Adult Arts and Culture,3300
North Vancouver,Vancouver Chamber Players Society,Community Gaming Grant,Arts and Culture,Adult Arts and Culture,6000
North Vancouver,Vancouver Philharmonic Society,Community Gaming Grant,Arts and Culture,Adult Arts and Culture,11500
Osoyoos,Osoyoos Festival Society,Community Gaming Grant,Arts and Culture,"Fairs, Festivals, Museums",5000
Parksville,Mount Arrowsmith Pipe Band Association,Community Gaming Grant,Arts and Culture,Adult Arts and Culture,10000
Parksville,Premier Baseball Association,Community Gaming Grant,Sport,Sports for Youth,90000
Parksville,Sandy Shores Skating Club,Community Gaming Grant,Sport,Sports for Youth,30000
Peachland,Interior Highland Dancing Association of BC,Community Gaming Grant,Arts and Culture,Youth Arts and Culture,6000
Peachland,Peachland Community Arts Council,Community Gaming Grant,Arts and Culture,Adult Arts and Culture,7600
Pemberton,Pemberton Canoe Association,Community Gaming Grant,Sport,Sports for Youth,13470
Pender Island,Pender Island Choral Society,Community Gaming Grant,Arts and Culture,Adult Arts and Culture,10500
Pender Island,Ptarmigan Arts Society,Community Gaming Grant,Arts and Culture,Youth Arts and Culture,60000
Pender Island,The Pender Island Celtic Music Society,Community Gaming Grant,Arts and Culture,Adult Arts and Culture,3750
Penticton,Knights of Columbus # 8928 - St. John Vianney Council,Community Gaming Grant,Human and Social Services,Community Service Organization,2250
Penticton,Pentastic Jazz Festival Society,Community Gaming Grant,Arts and Culture,"Fairs, Festivals, Museums",28000
Penticton,Penticton Academy of Music Society,Community Gaming Grant,Arts and Culture,Youth Arts and Culture,15000
Penticton,Penticton Aquatic Association,Community Gaming Grant,Sport,Sports for Youth,16000
Penticton,Penticton Minor Fastpitch Softball Association,Community Gaming Grant,Sport,Sports for Youth,5500
Penticton,Penticton Peach Festival Society,Community Gaming Grant,Arts and Culture,"Fairs, Festivals, Museums",11000
Penticton,The Okanagan School of the Arts,Community Gaming Grant,Arts and Culture,Youth Arts and Culture,15000
Penticton,Thompson-Okanagan Junior Lacrosse League,Community Gaming Grant,Sport,Sports - Adult,35000
Pitt Meadows,Pitt Meadows Heritage and Museum Society,Community Gaming Grant,Arts and Culture,"Fairs, Festivals, Museums",4000
Port Alberni,Alberni District Fall Fair,Community Gaming Grant,Arts and Culture,"Fairs, Festivals, Museums",25000
Port Alberni,Community Arts Council of the Alberni Valley,Community Gaming Grant,Arts and Culture,Adult Arts and Culture,15250
Port Alberni,Mount Arrowsmith Skating Club,Community Gaming Grant,Sport,Sports for Youth,26000
Port Alberni,The Port Alberni Maritime Heritage Society,Community Gaming Grant,Arts and Culture,"Fairs, Festivals, Museums",29000
Port Coquitlam,Coquitlam Ducks Volleyball Club,Community Gaming Grant,Sport,Sports for Youth,22500
Port Coquitlam,Gallery Singers Society,Community Gaming Grant,Arts and Culture,Adult Arts and Culture,6000
Port Coquitlam,Port Coquitlam Marlins Summer Swim Club,Community Gaming Grant,Sport,Sports for Youth,22000
Port Coquitlam,The Coquitlam Lions Water Polo Association,Community Gaming Grant,Sport,Sports for Youth,18000
Port Coquitlam,The Westcoast Harmony Chorus of Sweet Adelines International,Community Gaming Grant,Arts and Culture,Adult Arts and Culture,8000
Port Coquitlam,Triumph Street Pipe Band Society,Community Gaming Grant,Arts and Culture,Youth Arts and Culture,14800
Port Moody,Creative Dance Association,Community Gaming Grant,Arts and Culture,Youth Arts and Culture,14000
Port Moody,DreamRider Productions Society,Community Gaming Grant,Arts and Culture,Youth Arts and Culture,65000
Port Moody,Inlet Skating Club of Port Moody,Community Gaming Grant,Sport,Sports for Youth,61700
Port Moody,Port Moody Golden Spike Days Society,Community Gaming Grant,Arts and Culture,"Fairs, Festivals, Museums",20000
Port Moody,Port Moody Heritage Society,Community Gaming Grant,Arts and Culture,"Fairs, Festivals, Museums",28000
Powell River,Malaspina Art Society,Community Gaming Grant,Arts and Culture,Adult Arts and Culture,5000
Powell River,Pacific Region International Summer Music Academy Association,Community Gaming Grant,Arts and Culture,Adult Arts and Culture,25000
Powell River,Powell River Academy of Music,Community Gaming Grant,Arts and Culture,Youth Arts and Culture,30000
Powell River,Powell River Historical Museum & Archives Association,Community Gaming Grant,Arts and Culture,"Fairs, Festivals, Museums",27000
Powell River,Powell River Kings Hockey Club Society,Community Gaming Grant,Sport,Sports for Youth,15000
Powell River,Powell River Yacht Club,Community Gaming Grant,Sport,Sports for Youth,5250
Prince George,Community Arts Council of Prince George and District,Community Gaming Grant,Arts and Culture,Adult Arts and Culture,20275
Prince George,Huble Homestead / Giscome Portage Heritage Society,Community Gaming Grant,Arts and Culture,"Fairs, Festivals, Museums",50600
Prince George,Multicultural Heritage Society of Prince George,Community Gaming Grant,Arts and Culture,"Fairs, Festivals, Museums",47800
Prince George,Northern Orchestra of B.C. Society,Community Gaming Grant,Arts and Culture,Youth Arts and Culture,1900
Prince George,Prince George Agricultural and Historical Association,Community Gaming Grant,Arts and Culture,"Fairs, Festivals, Museums",70000
Prince George,Prince George Barracuda Swim Club,Community Gaming Grant,Sport,Sports for Youth,62000
Prince George,Prince George Canoe and Kayak Club,Community Gaming Grant,Sport,Sports for Youth,3300
Prince George,Prince George Pisces Summer Swim Club,Community Gaming Grant,Sport,Sports for Youth,12000
Prince George,Prince George Regional Art Gallery Association,Community Gaming Grant,Arts and Culture,"Fairs, Festivals, Museums",175100
Prince George,The Prince George Judo Association,Community Gaming Grant,Sport,Sports - Adult,7300
Prince Rupert,Association des Francophones et Francophiles du Nord-Ouest,Community Gaming Grant,Arts and Culture,Adult Arts and Culture,19000
Prince Rupert,J.P.A. Jazz Productions Association of British Columbia,Community Gaming Grant,Arts and Culture,Youth Arts and Culture,17000
Prince Rupert,Northern British Columbia Museum Association,Community Gaming Grant,Arts and Culture,"Fairs, Festivals, Museums",56000
Princeton,Kokanee Summer Swim Club Society,Community Gaming Grant,Sport,Sports for Youth,10000
Princeton,Princeton Traditional Music Society,Community Gaming Grant,Arts and Culture,"Fairs, Festivals, Museums",6100
Qualicum,Qualicum Beach Pipe Band Association,Community Gaming Grant,Arts and Culture,Adult Arts and Culture,3000
Qualicum Beach,Oceanside Volunteer Association,Community Gaming Grant,Human and Social Services,Community Education,2500
Qualicum Beach,Ravensong Aquatic Club,Community Gaming Grant,Sport,Sports for Youth,15300
Queen Charlotte City,Edge of the World Music Festival Society,Community Gaming Grant,Arts and Culture,"Fairs, Festivals, Museums",10000
Quesnel,North Cariboo Gymkhana Society,Community Gaming Grant,Sport,Sports for Youth,2100
Quesnel,Quesnel Agricultural and Exhibition Association,Community Gaming Grant,Arts and Culture,"Fairs, Festivals, Museums",5500
Quesnel,Quesnel and District Heritage Association,Community Gaming Grant,Arts and Culture,Adult Arts and Culture,3500
Quesnel,Quesnel Live Arts Society,Community Gaming Grant,Arts and Culture,Adult Arts and Culture,11500
Quesnel,Quesnel Tillicum Society,Community Gaming Grant,Arts and Culture,Adult Arts and Culture,8300
Quesnel,Waveriders Swim Club,Community Gaming Grant,Sport,Sports for Youth,19000
Revelstoke,BC Interior Forestry Museum Society,Community Gaming Grant,Arts and Culture,"Fairs, Festivals, Museums",16500
Revelstoke,Revelstoke Arts Council,Community Gaming Grant,Arts and Culture,Adult Arts and Culture,20000
Revelstoke,Revelstoke Heritage Railway Society,Community Gaming Grant,Arts and Culture,"Fairs, Festivals, Museums",2000
Revelstoke,Revelstoke Theatre Company Society,Community Gaming Grant,Arts and Culture,Adult Arts and Culture,9500
Revelstoke,Revelstoke Visual Arts Society,Community Gaming Grant,Arts and Culture,Adult Arts and Culture,20500
Richmond,BC Youth Music Society,Community Gaming Grant,Arts and Culture,Adult Arts and Culture,31500
Richmond,Canadian YC Chinese Orchestra Association,Community Gaming Grant,Arts and Culture,Adult Arts and Culture,5000
Richmond,Richmond Cares Richmond Gives Society,Community Gaming Grant,Human and Social Services,Community Education,31200
Richmond,Richmond Community Orchestra and Chorus Association,Community Gaming Grant,Arts and Culture,Adult Arts and Culture,26000
Richmond,Richmond Gateway Theatre Society,Community Gaming Grant,Arts and Culture,Adult Arts and Culture,84000
Richmond,Richmond Music School Society,Community Gaming Grant,Arts and Culture,Youth Arts and Culture,45000
Richmond,Richmond Singers,Community Gaming Grant,Arts and Culture,Adult Arts and Culture,10000
Richmond,Richmond Swim Club,Community Gaming Grant,Sport,Sports for Youth,37000
Richmond,The 2947 39 (Vancouver) Service Battalion Royal Canadian Army Cadet Corps Sponsoring Committee,Community Gaming Grant,Human and Social Services,Enhancement of Youth,7300
Richmond,Vancouver Orpheus Male Voice Choir,Community Gaming Grant,Arts and Culture,Adult Arts and Culture,25000
Roberts Creek,Coast Rogue Arts Society,Community Gaming Grant,Arts and Culture,"Fairs, Festivals, Museums",5500
Rock Creek,Rock Creek and Boundary Fair Association,Community Gaming Grant,Arts and Culture,"Fairs, Festivals, Museums",33500
Rolla,Peace - Liard Regional Arts Council,Community Gaming Grant,Arts and Culture,Adult Arts and Culture,3900
Saanichton,Central Saanich Little League,Community Gaming Grant,Sport,Sports for Youth,17250
Saanichton,Peninsula Lacrosse Association,Community Gaming Grant,Sport,Sports for Youth,17000
Saanichton,Saanich Peninsula Piranhas Summer Swim Club,Community Gaming Grant,Sport,Sports for Youth,26600
Salmo,Salmo Valley Swimming Pool Society,Community Gaming Grant,Sport,Sports for Youth,8000
Salmon Arm,Salmon Arm Folk Music Society,Community Gaming Grant,Arts and Culture,"Fairs, Festivals, Museums",40000
Salmon Arm,Salmon Arm Museum and Heritage Association,Community Gaming Grant,Arts and Culture,"Fairs, Festivals, Museums",34500
Salmon Arm,Shuswap Association of  Writers,Community Gaming Grant,Arts and Culture,"Fairs, Festivals, Museums",4000
Salmon Arm,Shuswap District Arts Council,Community Gaming Grant,Arts and Culture,Adult Arts and Culture,27200
Salmon Arm,The Salmon Arm and Shuswap Lake Agricultural Association,Community Gaming Grant,Arts and Culture,"Fairs, Festivals, Museums",17250
Salt Spring,Viva Chorale! Society - Salt Spring Island,Community Gaming Grant,Arts and Culture,Adult Arts and Culture,12400
Salt Spring Island,Bandemonium Music Society,Community Gaming Grant,Arts and Culture,Adult Arts and Culture,6500
Salt Spring Island,Graffiti Theatre Company Society,Community Gaming Grant,Arts and Culture,Youth Arts and Culture,21000
Salt Spring Island,Saltspring Gymnastics Association,Community Gaming Grant,Sport,Sports for Youth,6700
Salt Spring Island,Stagecoach School for the Performing Arts Society,Community Gaming Grant,Arts and Culture,Youth Arts and Culture,10000
Sechelt,Coasting Along Theatre Society,Community Gaming Grant,Arts and Culture,Adult Arts and Culture,11000
Sidney,78th Fraser Highlanders - Fort Victoria Historical Society,Community Gaming Grant,Arts and Culture,Adult Arts and Culture,8800
Sidney,Peninsula Baseball & Softball Association,Community Gaming Grant,Sport,Sports for Youth,21500
Sidney,Sidney Concert Society,Community Gaming Grant,Arts and Culture,Youth Arts and Culture,6000
Sidney,Sidney Lawn Bowling Club,Community Gaming Grant,Sport,Sports - Adult,8900
Skidegate,Haida Gwaii Museum Society,Community Gaming Grant,Arts and Culture,"Fairs, Festivals, Museums",25000
Smithers,Bulkley Valley Agricultural and Industrial Association,Community Gaming Grant,Arts and Culture,"Fairs, Festivals, Museums",35000
Smithers,Bulkley Valley Concert Association,Community Gaming Grant,Arts and Culture,Adult Arts and Culture,10000
Smithers,Bulkley Valley Folk  Music Society,Community Gaming Grant,Arts and Culture,"Fairs, Festivals, Museums",22000
Smithers,Smithers Ski Club,Community Gaming Grant,Sport,Sports for Youth,22225
Sooke,Sooke Community Choir Society,Community Gaming Grant,Arts and Culture,Adult Arts and Culture,4500
Squamish,West Coast Railway Association,Community Gaming Grant,Arts and Culture,Adult Arts and Culture,37000
Summerland,Apex Ski Club,Community Gaming Grant,Sport,Sports for Youth,17700
Summerland,Kiwanis Club of Summerland,Community Gaming Grant,Human and Social Services,Community Service Organization,3750
Summerland,Penticton Scottish Festival Society,Community Gaming Grant,Arts and Culture,"Fairs, Festivals, Museums",5000
Summerland,Ryga Festival Society,Community Gaming Grant,Arts and Culture,"Fairs, Festivals, Museums",3000
Summerland,South Okanagan Sailing Association,Community Gaming Grant,Sport,Sports for Youth,6000
Summerland,Summerland Action Festival Association,Community Gaming Grant,Arts and Culture,"Fairs, Festivals, Museums",10000
Summerland,Summerland Community Arts Council,Community Gaming Grant,Arts and Culture,Adult Arts and Culture,22500
Summerland,Summerland Museum & Heritage Society,Community Gaming Grant,Arts and Culture,"Fairs, Festivals, Museums",15000
Surrey,African Stages Association,Community Gaming Grant,Arts and Culture,Youth Arts and Culture,15000
Surrey,AllStar Youth Sport Society,Community Gaming Grant,Sport,Sports for Youth,13500
Surrey,Arts Council of Surrey,Community Gaming Grant,Arts and Culture,Youth Arts and Culture,20000
Surrey,"BC Junior ""A"" Lacrosse League Association",Community Gaming Grant,Sport,Sports for Youth,56000
Surrey,Cedar Hills Caledonian Pipe Band,Community Gaming Grant,Arts and Culture,Adult Arts and Culture,5000
Surrey,Cloverdale Curling Club,Community Gaming Grant,Sport,Sports - Adult,46230
Surrey,"Global Peace Alliance, Surrey Society",Community Gaming Grant,Arts and Culture,Youth Arts and Culture,13000
Surrey,Handel Society of Music,Community Gaming Grant,Arts and Culture,Adult Arts and Culture,10000
Surrey,Lower Fraser Valley Exhibition Association,Community Gaming Grant,Arts and Culture,"Fairs, Festivals, Museums",55000
Surrey,Lyric Choirs of Surrey Society,Community Gaming Grant,Arts and Culture,Adult Arts and Culture,6550
Surrey,Newton Canadian Baseball Association,Community Gaming Grant,Sport,Sports for Youth,15000
Surrey,Nicomekl Rowing Club,Community Gaming Grant,Sport,Sports - Adult,11625
Surrey,North Surrey Minor Football Club,Community Gaming Grant,Sport,Sports for Youth,44000
Surrey,Pacificaires Performing Arts Society,Community Gaming Grant,Arts and Culture,Youth Arts and Culture,45000
Surrey,Peace Arch Chorus Sweet Adelines,Community Gaming Grant,Arts and Culture,Adult Arts and Culture,6000
Surrey,Scouts Canada - 11th Central Surrey,Community Gaming Grant,Human and Social Services,Enhancement of Youth,4200
Surrey,Seaside Volleyball Club,Community Gaming Grant,Sport,Sports for Youth,20480
Surrey,Simon Fraser University Pipe Band Society,Community Gaming Grant,Arts and Culture,Adult Arts and Culture,35500
Surrey,Surrey Canadian Baseball Association,Community Gaming Grant,Sport,Sports - Adult,18000
Surrey,Surrey Festival of Dance Society,Community Gaming Grant,Arts and Culture,Youth Arts and Culture,30000
Surrey,Surrey Japanese School Society,Community Gaming Grant,Arts and Culture,Youth Arts and Culture,2000
Surrey,Surrey Minor Hockey Association,Community Gaming Grant,Sport,Sports for Youth,100000
Surrey,Surrey Symphony Society,Community Gaming Grant,Arts and Culture,Youth Arts and Culture,25850
Surrey,Teatr Polski - Polish Theatre Canadian-Polish Arts Society,Community Gaming Grant,Arts and Culture,Youth Arts and Culture,35000
Surrey,Vancouver Cantonese Opera,Community Gaming Grant,Arts and Culture,Adult Arts and Culture,31000
Terrace,Terrace Art Association,Community Gaming Grant,Arts and Culture,Adult Arts and Culture,28500
Terrace,Terrace Community Band,Community Gaming Grant,Arts and Culture,Adult Arts and Culture,10000
Terrace,Terrace Pipes and Drums Society,Community Gaming Grant,Arts and Culture,Adult Arts and Culture,5000
Trail,Greater Trail Swim Racing Society,Community Gaming Grant,Sport,Sports for Youth,15400
Trail,Special Olympics BC Society - Trail Local,Community Gaming Grant,Sport,Sports for Disabled Persons,10000
Trail,The Greater Trail Creative Activities Centre Society for the Visual Arts,Community Gaming Grant,Arts and Culture,Adult Arts and Culture,3850
Trail,Trail and District Community Arts Council,Community Gaming Grant,Arts and Culture,Youth Arts and Culture,4000
Trail,Trail Gymnastics Society,Community Gaming Grant,Sport,Sports for Youth,14200
Ucluelet,Pacific Rim Arts Society,Community Gaming Grant,Arts and Culture,Adult Arts and Culture,21300
Vancouver,African Descent Society British Columbia,Community Gaming Grant,Arts and Culture,"Fairs, Festivals, Museums",25000
Vancouver,All Bodies Dance Society,Community Gaming Grant,Arts and Culture,Adult Arts and Culture,12000
Vancouver,Alley Theatre Association,Community Gaming Grant,Arts and Culture,Adult Arts and Culture,8000
Vancouver,Art Starts in Schools Society,Community Gaming Grant,Arts and Culture,Youth Arts and Culture,37000
Vancouver,Arts Club of Vancouver Theatre Society,Community Gaming Grant,Arts and Culture,Adult Arts and Culture,60000
Vancouver,Arts Umbrella Association,Community Gaming Grant,Arts and Culture,Youth Arts and Culture,225000
Vancouver,Association of United Ukrainian Canadians,Multiculturalism Grant,Cultural Expression,Cultural Expression,2500
Vancouver,Awkward Stage Productions Society,Community Gaming Grant,Arts and Culture,Youth Arts and Culture,7400
Vancouver,Axis Theatre Society,Community Gaming Grant,Arts and Culture,Youth Arts and Culture,52500
Vancouver,B.C. Chinese Music Association,Community Gaming Grant,Arts and Culture,Adult Arts and Culture,14000
Vancouver,Bard on the Beach Theatre Society,Community Gaming Grant,Arts and Culture,Adult Arts and Culture,52000
Vancouver,Barking Sphinx Performance Society,Community Gaming Grant,Arts and Culture,Adult Arts and Culture,10350
Vancouver,Battery Opera Performing Arts Society,Community Gaming Grant,Arts and Culture,Adult Arts and Culture,27500
Vancouver,Battle Of Britain Memorial Fund,Community Gaming Grant,Arts and Culture,"Fairs, Festivals, Museums",1000
Vancouver,British Columbia Choral Federation,Community Gaming Grant,Arts and Culture,Adult Arts and Culture,47400
Vancouver,Carousel Theatre Society,Community Gaming Grant,Arts and Culture,Youth Arts and Culture,60500
Vancouver,Centre culturel francophone de Vancouver,Community Gaming Grant,Arts and Culture,Adult Arts and Culture,81000
Vancouver,Chor Leoni Men's Choir,Community Gaming Grant,Arts and Culture,Adult Arts and Culture,25000
Vancouver,Compaigni V'ni Dansi Society,Community Gaming Grant,Arts and Culture,Adult Arts and Culture,14000
Vancouver,Conseil jeunesse francophone de la Colombie-Britannique,Community Gaming Grant,Arts and Culture,Youth Arts and Culture,18000
Vancouver,Eastside Culture Crawl Society,Community Gaming Grant,Arts and Culture,"Fairs, Festivals, Museums",10000
Vancouver,EDAM Performing Arts Society,Community Gaming Grant,Arts and Culture,Adult Arts and Culture,12000
Vancouver,Friends of the Vancouver City Archives,Community Gaming Grant,Arts and Culture,"Fairs, Festivals, Museums",7500
Vancouver,Fugue Theatre Society,Community Gaming Grant,Arts and Culture,Adult Arts and Culture,16000
Vancouver,Geist Foundation,Community Gaming Grant,Arts and Culture,Adult Arts and Culture,48500
Vancouver,Greater Vancouver International Film Festival Society,Community Gaming Grant,Arts and Culture,"Fairs, Festivals, Museums",100000
Vancouver,Greater Vancouver Vivaldi Chamber Choir Society,Community Gaming Grant,Arts and Culture,Adult Arts and Culture,11000
Vancouver,Green Thumb Players Society,Community Gaming Grant,Arts and Culture,Youth Arts and Culture,46800
Vancouver,Hardline Productions Society,Community Gaming Grant,Arts and Culture,Adult Arts and Culture,8000
Vancouver,Health Arts Society,Community Gaming Grant,Arts and Culture,Adult Arts and Culture,15000
Vancouver,Indian Summer Arts Society,Community Gaming Grant,Arts and Culture,"Fairs, Festivals, Museums",55000
Vancouver,Joe Ink Performance Society,Community Gaming Grant,Arts and Culture,Adult Arts and Culture,25000
Vancouver,Karen Jamieson Dance Society,Community Gaming Grant,Arts and Culture,Adult Arts and Culture,15000
Vancouver,Katari Taiko Drum Group Association,Community Gaming Grant,Arts and Culture,Adult Arts and Culture,10000
Vancouver,Lions Gate Chorus - Sweet Adelines International,Community Gaming Grant,Arts and Culture,Adult Arts and Culture,5000
Vancouver,Lions Gate Sinfonia Society,Community Gaming Grant,Arts and Culture,Youth Arts and Culture,12500
Vancouver,Malaspina Printmakers Society,Community Gaming Grant,Arts and Culture,Adult Arts and Culture,29200
Vancouver,Mandala Arts and Culture Society,Community Gaming Grant,Arts and Culture,Adult Arts and Culture,11200
Vancouver,Metro Seniors Band Society,Community Gaming Grant,Arts and Culture,Adult Arts and Culture,4500
Vancouver,Mortal Coil Performance Society,Community Gaming Grant,Arts and Culture,Adult Arts and Culture,35000
Vancouver,Movement Enterprises Society,Community Gaming Grant,Arts and Culture,Adult Arts and Culture,22800
Vancouver,Or Gallery Society,Community Gaming Grant,Arts and Culture,Adult Arts and Culture,31500
Vancouver,Phoenix Vocal and Performing Society,Community Gaming Grant,Arts and Culture,Adult Arts and Culture,16325
Vancouver,Pink Ink Theatre Productions Association,Community Gaming Grant,Arts and Culture,Adult Arts and Culture,44000
Vancouver,Powell Street Festival Society,Community Gaming Grant,Arts and Culture,"Fairs, Festivals, Museums",20500
Vancouver,Pride in Art Society,Community Gaming Grant,Arts and Culture,"Fairs, Festivals, Museums",31000
Vancouver,Radix Theatre Society,Community Gaming Grant,Arts and Culture,Adult Arts and Culture,25000
Vancouver,Rice and Beans Theatre Society,Community Gaming Grant,Arts and Culture,Adult Arts and Culture,8000
Vancouver,Roedde House Preservation Society,Community Gaming Grant,Arts and Culture,"Fairs, Festivals, Museums",29000
Vancouver,Rumble Productions Society,Community Gaming Grant,Arts and Culture,Adult Arts and Culture,44000
Vancouver,Still Moon Arts Society,Community Gaming Grant,Arts and Culture,Youth Arts and Culture,8500
Vancouver,The Only Animal Theatre Society,Community Gaming Grant,Arts and Culture,Adult Arts and Culture,20000
Vancouver,The Plastic Orchid Factory Society,Community Gaming Grant,Arts and Culture,Adult Arts and Culture,12000
Vancouver,The Rainbow Band Society,Community Gaming Grant,Arts and Culture,Adult Arts and Culture,5000
Vancouver,The Response Dance Society,Community Gaming Grant,Arts and Culture,Youth Arts and Culture,3500
Vancouver,"The Valerie, Ruth & Pamela Dudoward Foundation",Community Gaming Grant,Arts and Culture,Adult Arts and Culture,12000
Vancouver,The Vancouver Cantata Society,Community Gaming Grant,Arts and Culture,Adult Arts and Culture,50000
Vancouver,The Vancouver Children's Choir Choral Society,Community Gaming Grant,Arts and Culture,Youth Arts and Culture,5000
Vancouver,The Vancouver Chopin Society,Community Gaming Grant,Arts and Culture,Adult Arts and Culture,10000
Vancouver,Tomoe Arts Society,Community Gaming Grant,Arts and Culture,Adult Arts and Culture,9000
Vancouver,Twenty-Something Theatre Society,Community Gaming Grant,Arts and Culture,Adult Arts and Culture,9000
Vancouver,United Scottish Cultural Society,Community Gaming Grant,Arts and Culture,"Fairs, Festivals, Museums",15500
Vancouver,Universal Gospel Choir,Community Gaming Grant,Arts and Culture,Adult Arts and Culture,15000
Vancouver,Up in the Air Theatre Society,Community Gaming Grant,Arts and Culture,Adult Arts and Culture,26400
Vancouver,Urban Ink Production Society,Community Gaming Grant,Arts and Culture,Adult Arts and Culture,16000
Vancouver,Uzume Taiko Drum Group Society,Community Gaming Grant,Arts and Culture,Adult Arts and Culture,12000
Vancouver,Vancouver Academy of Music,Community Gaming Grant,Arts and Culture,Youth Arts and Culture,55700
Vancouver,Vancouver Choral Arts Society,Community Gaming Grant,Arts and Culture,Youth Arts and Culture,20000
Vancouver,Vancouver City Singers Society,Community Gaming Grant,Arts and Culture,Adult Arts and Culture,6000
Vancouver,Vancouver Folk Music Festival Society,Community Gaming Grant,Arts and Culture,"Fairs, Festivals, Museums",77250
Vancouver,Vancouver Fringe Theatre Society,Community Gaming Grant,Arts and Culture,"Fairs, Festivals, Museums",78000
Vancouver,Vancouver International Bhangra Celebration Society,Community Gaming Grant,Arts and Culture,Adult Arts and Culture,100000
Vancouver,Vancouver International Children's Festival Society,Community Gaming Grant,Arts and Culture,Youth Arts and Culture,100000
Vancouver,Vancouver International Halloween Festival Society,Community Gaming Grant,Arts and Culture,"Fairs, Festivals, Museums",15500
Vancouver,Vancouver International Sculpture Biennale,Community Gaming Grant,Arts and Culture,Adult Arts and Culture,250000
Vancouver,Vancouver International Writers Festival Society,Community Gaming Grant,Arts and Culture,"Fairs, Festivals, Museums",38500
Vancouver,Vancouver Killarney Minor Lacrosse Association,Community Gaming Grant,Sport,Sports for Youth,23000
Vancouver,Vancouver Latin American Cultural Centre Society,Community Gaming Grant,Arts and Culture,Adult Arts and Culture,12500
Vancouver,Vancouver Latin American Film Festival Society,Community Gaming Grant,Arts and Culture,"Fairs, Festivals, Museums",21000
Vancouver,Vancouver Moving Theatre Society,Community Gaming Grant,Arts and Culture,"Fairs, Festivals, Museums",48000
Vancouver,Vancouver New Music Society,Community Gaming Grant,Arts and Culture,Adult Arts and Culture,50000
Vancouver,Vancouver Opera Association,Community Gaming Grant,Arts and Culture,Adult Arts and Culture,35000
Vancouver,Vancouver Opera Guild,Community Gaming Grant,Arts and Culture,Adult Arts and Culture,10000
Vancouver,Vancouver Out On Screen Film and Video Society,Community Gaming Grant,Arts and Culture,Adult Arts and Culture,36000
Vancouver,Vancouver Pacific Swim Club,Community Gaming Grant,Sport,Sports for Youth,83000
Vancouver,Vancouver Recital Society,Community Gaming Grant,Arts and Culture,Adult Arts and Culture,22500
Vancouver,Vancouver Society for Early Music,Community Gaming Grant,Arts and Culture,Adult Arts and Culture,70000
Vancouver,Vancouver South East Chinese School Society,Community Gaming Grant,Arts and Culture,Youth Arts and Culture,24000
Vancouver,Vancouver Tap Dance Society,Community Gaming Grant,Arts and Culture,Youth Arts and Culture,25000
Vancouver,Vancouver Thunder Volleyball Club,Community Gaming Grant,Sport,Sports for Youth,16000
Vancouver,Vancouver Vikings Swim Club,Community Gaming Grant,Sport,Sports for Youth,29800
Vancouver,Vetta Chamber Music Society,Community Gaming Grant,Arts and Culture,Adult Arts and Culture,11000
Vancouver,Voci Crescendi Society,Community Gaming Grant,Arts and Culture,Youth Arts and Culture,10000
Vancouver,VSO School of Music Society,Community Gaming Grant,Arts and Culture,Youth Arts and Culture,15000
Vancouver,WC Race Series,Community Gaming Grant,Sport,Sports for Disabled Persons,6000
Vancouver,Wen Wei Dance Society,Community Gaming Grant,Arts and Culture,Adult Arts and Culture,20000
Vancouver,West Coast Symphony Society,Community Gaming Grant,Arts and Culture,Adult Arts and Culture,10000
Vancouver,Western Front Society,Community Gaming Grant,Arts and Culture,Adult Arts and Culture,40000
Vancouver,Western Theatre Conspiracy Arts Society,Community Gaming Grant,Arts and Culture,Adult Arts and Culture,27000
Vanderhoof,Nechako Valley Exhibition,Community Gaming Grant,Arts and Culture,"Fairs, Festivals, Museums",21000
Vernon,Kelowna K.O.'S Wheelchair Rugby Association,Community Gaming Grant,Sport,Sports for Disabled Persons,11600
Vernon,Okanagan Military Tattoo Society,Community Gaming Grant,Arts and Culture,"Fairs, Festivals, Museums",20000
Vernon,Powerhouse Theatrical Society,Community Gaming Grant,Arts and Culture,Adult Arts and Culture,22500
Vernon,Vernon Concert Band Society,Community Gaming Grant,Arts and Culture,Adult Arts and Culture,1500
Vernon,Vernon Public Art Gallery Society,Community Gaming Grant,Arts and Culture,"Fairs, Festivals, Museums",47000
Vernon,Vernon Winter Carnival Society,Community Gaming Grant,Arts and Culture,"Fairs, Festivals, Museums",35000
Victoria,Art Gallery of Greater Victoria,Community Gaming Grant,Arts and Culture,Adult Arts and Culture,100000
Victoria,Bays United Football Club,Community Gaming Grant,Sport,Sports for Youth,95880
Victoria,BC Accordion and Tango Society,Community Gaming Grant,Arts and Culture,"Fairs, Festivals, Museums",20000
Victoria,Beacon Hill Baseball and Softball Association,Community Gaming Grant,Sport,Sports for Youth,22000
Victoria,Belfry Theatre Society,Community Gaming Grant,Arts and Culture,Adult Arts and Culture,90000
Victoria,Blue Bridge Theatre Society,Community Gaming Grant,Arts and Culture,Adult Arts and Culture,24800
Victoria,Chinook Racing Canoe Club,Community Gaming Grant,Sport,Sports for Youth,2000
Victoria,Cine-Vic Society of Independent Filmmakers,Community Gaming Grant,Arts and Culture,Adult Arts and Culture,13000
Victoria,Colquitz Middle School PAC,PAC,DPAC and PAC,PAC,8880
Victoria,Dance Victoria Society,Community Gaming Grant,Arts and Culture,Adult Arts and Culture,20500
Victoria,Emily Carr String Quartet Society,Community Gaming Grant,Arts and Culture,Adult Arts and Culture,4000
Victoria,Ensemble Laude Choral Society,Community Gaming Grant,Arts and Culture,Adult Arts and Culture,6700
Victoria,Four Seasons Musical Theatre Society,Community Gaming Grant,Arts and Culture,Youth Arts and Culture,16500
Victoria,Friends of the Ashton Armoury Museum,Community Gaming Grant,Arts and Culture,"Fairs, Festivals, Museums",15000
Victoria,Greater Victoria Aquatics Society,Community Gaming Grant,Sport,Sports for Youth,15700
Victoria,Greater Victoria Performing Arts Festival Association,Community Gaming Grant,Arts and Culture,Youth Arts and Culture,20000
Victoria,IAS Integrate Art Society,Community Gaming Grant,Arts and Culture,"Fairs, Festivals, Museums",5000
Victoria,International Theatre Inconnu Society,Community Gaming Grant,Arts and Culture,Adult Arts and Culture,36000
Victoria,Intrepid Theatre Company Society,Community Gaming Grant,Arts and Culture,"Fairs, Festivals, Museums",70000
Victoria,Island Strings Players Society,Community Gaming Grant,Arts and Culture,Adult Arts and Culture,15000
Victoria,James Bay Athletic Association,Community Gaming Grant,Sport,Sports for Youth,6000
Victoria,Jewish Community Centre of Victoria,Community Gaming Grant,Arts and Culture,Adult Arts and Culture,12000
Victoria,Kaleidoscope Theatre Productions Society,Community Gaming Grant,Arts and Culture,Youth Arts and Culture,85000
Victoria,Lakehill Little League Baseball Association,Community Gaming Grant,Sport,Sports for Youth,22260
Victoria,Langford Minor Fastball Association,Community Gaming Grant,Sport,Sports for Youth,16800
Victoria,Operation Trackshoes Society,Community Gaming Grant,Sport,Sports for Disabled Persons,29000
Victoria,Pacific Opera Victoria Association,Community Gaming Grant,Arts and Culture,Adult Arts and Culture,90000
Victoria,Runnymede Enhancement Society,Community Gaming Grant,Arts and Culture,Adult Arts and Culture,24000
Victoria,Sir James Douglas Out of School Club,Community Gaming Grant,Human and Social Services,Community Education,24850
Victoria,Story Theatre Productions Society,Community Gaming Grant,Arts and Culture,Youth Arts and Culture,43500
Victoria,The Allegra Singers Society,Community Gaming Grant,Arts and Culture,Adult Arts and Culture,6000
Victoria,The Other Guys Theatre Company Society,Community Gaming Grant,Arts and Culture,Adult Arts and Culture,43000
Victoria,Theatre Skam Association,Community Gaming Grant,Arts and Culture,Adult Arts and Culture,53500
Victoria,Veselka Ukrainian Dance Association,Community Gaming Grant,Arts and Culture,Youth Arts and Culture,9000
Victoria,Victoria Baroque Music Society,Community Gaming Grant,Arts and Culture,Adult Arts and Culture,5000
Victoria,Victoria City Rowing Club,Community Gaming Grant,Sport,Sports for Youth,31625
Victoria,Victoria Filipino-Canadian Association,Community Gaming Grant,Arts and Culture,Adult Arts and Culture,7500
Victoria,Victoria Good News Choir Society,Community Gaming Grant,Arts and Culture,Adult Arts and Culture,7500
Victoria,Victoria Independent Film & Video Festival,Community Gaming Grant,Arts and Culture,"Fairs, Festivals, Museums",42000
Victoria,Victoria Judo Club,Community Gaming Grant,Sport,Sports for Youth,7500
Victoria,Victoria Operatic Society,Community Gaming Grant,Arts and Culture,Adult Arts and Culture,55000
Victoria,Victoria Russian School Society,Community Gaming Grant,Arts and Culture,Youth Arts and Culture,5000
Victoria,Victoria Summer Music Festival Society,Community Gaming Grant,Arts and Culture,"Fairs, Festivals, Museums",7500
Victoria,Victoria Symphony Society,Community Gaming Grant,Arts and Culture,Adult Arts and Culture,100000
Victoria,Viva Youth Choirs Society of Victoria,Community Gaming Grant,Arts and Culture,Youth Arts and Culture,10000
Victoria,Vox Humana Chamber Choir Society,Community Gaming Grant,Arts and Culture,Adult Arts and Culture,5000
Victoria,West Coast Children's Choral Society,Community Gaming Grant,Arts and Culture,Youth Arts and Culture,18000
West Vancouver,Pandoras Vox Vocal Ensemble Society,Community Gaming Grant,Arts and Culture,Adult Arts and Culture,11500
West Vancouver,West Vancouver Adult Community Band Association,Community Gaming Grant,Arts and Culture,Adult Arts and Culture,1350
Whistler,The Whistler Writing Society,Community Gaming Grant,Arts and Culture,"Fairs, Festivals, Museums",11000
Whistler,Whistler Arts Council,Community Gaming Grant,Arts and Culture,Adult Arts and Culture,39500
Whistler,Whistler Blackcomb Freestyle Ski Club,Community Gaming Grant,Sport,Sports for Youth,16375
White Rock,Mann Park Lawn Bowling Club,Community Gaming Grant,Sport,Sports - Adult,9500
White Rock,Peninsula Productions Society,Community Gaming Grant,Arts and Culture,Adult Arts and Culture,17100
Williams Lake,Cariboo Chilcotin Gymnastics Association,Community Gaming Grant,Sport,Sports for Youth,34000
Williams Lake,Community Arts Council of Williams Lake,Community Gaming Grant,Arts and Culture,Youth Arts and Culture,5500
Williams Lake,Museum of the Cariboo Chilcotin Society,Community Gaming Grant,Arts and Culture,Adult Arts and Culture,30000
Williams Lake,Station House Studio and Gallery Society,Community Gaming Grant,Arts and Culture,Adult Arts and Culture,23000
